qualifying_tournament_qualifying_tournament#team_team#qualification_date_qualification_date#appearance(s)_total#appearance(s)_first#appearance(s)_last#appearance(s)_streak#previous_best_performance_previous_best_performance
Nominated teams by AFC[a]#China#13 September 2024#4th#2012#2022#1#Group stage (2012, 2014, 2022)
Nominated teams by AFC[a]#Japan#13 September 2024#9th#2008#2024#9#Champions (2014)
Nominated teams by AFC[a]#North Korea#13 September 2024#8th#2008#2024#2#Champions (2008, 2016, 2024)
Nominated teams by AFC[a]#South Korea#13 September 2024#5th#2008#2024#2#Champions (2010)
Host nation#Morocco#14 March 2024#2nd#2022#2022#1#Group stage (2022)
2025 African U-17 Women's World Cup qualification#Cameroon#25 April 2025#3rd#2016#2018#1#Group stage (2016, 2018)
2025 African U-17 Women's World Cup qualification#Ivory Coast#25 April 2025#1st#Debut#Debut#Debut#Debut
2025 African U-17 Women's World Cup qualification#Nigeria#25 April 2025#8th#2008#2024#3#Third place (2022)
2025 African U-17 Women's World Cup qualification#Zambia#26 April 2025#3rd#2014#2024#2#Group stage (2014, 2024)
2025 CONCACAF U-17 Women's World Cup qualification#Mexico#5 April 2025#8th#2010#2024#8#Runners-up (2018)
2025 CONCACAF U-17 Women's World Cup qualification#United States#5 April 2025#7th#2008#2024#5#Runners-up (2008)
2025 CONCACAF U-17 Women's World Cup qualification#Canada#6 April 2025#8th#2008#2022#1#Fourth place (2018)
2025 CONCACAF U-17 Women's World Cup qualification#Costa Rica#6 April 2025#3rd#2008#2014#1#Group stage (2008, 2014)
2025 South American U-17 Women's Championship#Colombia#18 May 2025#7th#2008#2024#4#Runners-up (2022)
2025 South American U-17 Women's Championship#Brazil#21 May 2025#8th#2008#2024#5#Quarter-finals (2010, 2012, 2022)
2025 South American U-17 Women's Championship#Ecuador#21 May 2025#2nd#2024#2024#2#Quarter-finals (2024)
2025 South American U-17 Women's Championship#Paraguay#21 May 2025#4th#2008#2016#1#Group stage (2008, 2014, 2016)
2024 OFC U-16 Women's Championship#New Zealand#18 September 2024#9th#2008#2024#9#Third place (2018)
2024 OFC U-16 Women's Championship#Samoa#18 September 2024#1st#Debut#Debut#Debut#Debut
2025 UEFA Women's U-17 Championship#Netherlands#7 May 2025#1st#Debut#Debut#Debut#Debut
2025 UEFA Women's U-17 Championship#Norway#10 May 2025#1st#Debut#Debut#Debut#Debut
2025 UEFA Women's U-17 Championship#France#11 May 2025#4th#2008#2022#1#Champions (2012)
2025 UEFA Women's U-17 Championship#Italy#11 May 2025#2nd#2014#2014#1#Third place (2014)
2025 UEFA Women's U-17 Championship#Spain#14 May 2025#7th#2010#2024#6#Champions (2018, 2022)