municipalities#centre#isamaa#reform#sde#ekre#parempoolsed#local_coalitions/ind.#total
Alutaguse Parish#<NA>#1 (+1)#<NA>#<NA>#2#0#12 (+2)#15
Anija Parish#4#0#<NA>#<NA>#2 (-1)#<NA>#13 (+5)#19
Antsla Parish#<NA>#5 (+5)#<NA>#<NA>#3 (+1)#<NA>#9 (-4)#17
Elva Parish#0 (-2)#12 (+4)#3 (-3)#<NA>#3 (-4)#0#7 (+1)#25
Häädemeeste Parish#0#2 (-1)#<NA>#<NA>#2 (+2)#0#15 (-1)#19
Haapsalu#2 (-3)#11 (+11)#<NA>#<NA>#2 (-1)#0#8 (-7)#25
Haljala Parish#1 (+1)#2 (+2)#<NA>#<NA>#1 (-1)#<NA>#13 (+1)#17
Harku Parish#2 (+1)#7 (+3)#5 (-2)#2 (+1)#1 (-2)#0#4#21
Hiiumaa Parish#0 (-4)#5 (+3)#3#7#3 (+1)#0#5#23
Järva Parish#6 (+1)#6 (+3)#<NA>#0#4 (-1)#0#5 (+1)#21
Jõelähtme Parish#2 (+2)#4 (+4)#8 (-3)#2#3#0#<NA>#19
Jõgeva Parish#5 (-1)#8#0 (-5)#<NA>#2 (-1)#0#12 (+7)#27
Jõhvi Parish (merged with Toila Parish)#5#1 (+1)#2 (-1)#<NA>#1 (-1)#0#12 (+1)#21
Kadrina Parish#<NA>#4 (+4)#<NA>#<NA>#1 (-1)#<NA>#14 (-3)#19
Kambja Parish#0#4 (+2)#3 (-3)#<NA>#1 (-2)#2 (+2)#11 (+1)#21
Kanepi Parish#2 (-2)#5 (+4)#5 (-3)#4 (+4)#1 (-3)#<NA>#<NA>#17
Kastre Parish#<NA>#2 (+2)#<NA>#<NA>#2#0#13 (-2)#17
Kehtna Parish#0#3 (+3)#<NA>#<NA>#4 (+1)#<NA>#14 (-4)#21
Keila#1#3 (+1)#4 (-7)#4 (+1)#1 (-1)#0#8 (+6)#21
Kihnu Parish#<NA>#4 (+4)#<NA>#<NA>#0#<NA>#5 (-4)#9
Kiili Parish#<NA>#2 (+1)#1#<NA>#0#0#14 (-1)#17
Kohila Parish#0#5 (-5)#0 (-1)#<NA>#2 (-2)#<NA>#14 (+8)#21
Kohtla-Järve#14 (+2)#0#<NA>#1 (-4)#0#<NA>#7 (+1)#25
Kose Parish#<NA>#6 (+6)#<NA>#<NA>#5#0#10 (-4)#21
Kuusalu Parish#1#3 (+3)#1#<NA>#1 (-1)#1 (+1)#12 (-3)#19
Lääne-Harju Parish#<NA>#1 (+1)#<NA>#<NA>#2#1 (+1)#17#21
Lääne-Nigula Parish#<NA>#12 (+12)#<NA>#4 (+4)#2 (-3)#0#7 (-4)#25
Lääneranna Parish#<NA>#2 (+1)#<NA>#<NA>#2 (-1)#1 (+1)#12 (-1)#21
Loksa#8#<NA>#<NA>#<NA>#<NA>#<NA>#7#15
Lüganuse Parish#10 (+4)#1 (-1)#<NA>#0#0#<NA>#8#19
Luunja Parish#<NA>#5 (+5)#<NA>#<NA>#1 (-1)#<NA>#11 (-4)#17
Maardu#20 (+4)#0#0#1#0#<NA>#0 (-4)#21
Märjamaa Parish#0#7 (+7)#<NA>#<NA>#5#0#9 (-7)#21
Muhu Parish#<NA>#0 (-13)#<NA>#0#1#<NA>#14 (+14)#15
Mulgi Parish#<NA>#7 (+1)#<NA>#<NA>#2 (-1)#0#12 (+8)#21
Mustvee Parish#3 (-3)#2 (+1)#<NA>#<NA>#2 (-3)#0#10 (+1)#17
Narva#10#<NA>#0#<NA>#0#<NA>#21 (+2)#31
Narva-Jõesuu#2 (-3)#0#<NA>#<NA>#<NA>#1 (+1)#12#15
Nõo Parish#<NA>#5 (+5)#<NA>#<NA>#1#0#9 (-5)#15
Otepää Parish#<NA>#7 (+6)#3 (+1)#<NA>#1 (-2)#1 (+1)#5 (-5)#17