home_\_away#bri#exe#glo#har#lei#lou#sal#sar#tra
Bristol Bears#<NA>#May 2026#30 Nov 2025#Mar 2026#Mar 2026#14 Dec 2025#Jan 2026#9 Nov 2025#Feb 2026
Exeter Chiefs#6 Dec 2025#<NA>#1 Nov 2025#16 Nov 2025#Jan 2026#Feb 2026#6 Jun 2026#13 Dec 2025#Mar 2026
Gloucester–Hartpury#6 Jun 2026#Mar 2026#<NA>#Feb 2026#Mar 2026#Jan 2026#15 Nov 2025#40–14#6 Dec 2025
Harlequins#20 Dec 2025#Feb 2026#9 Nov 2025#<NA>#May 2026#52–42#13 Dec 2025#Mar 2026#Mar 2026
Leicester Tigers#2 Nov 2025#Mar 2026#21 Dec 2025#6 Dec 2025#<NA>#6 Jun 2026#Mar 2026#Feb 2026#Feb 2026
Loughborough Lightning#Feb 2026#9 Nov 2025#Mar 2026#Mar 2026#29 Nov 2025#<NA>#2 Nov 2025#May 2026#21 Dec 2025
Sale Sharks#Mar 2026#29 Nov 2025#Feb 2026#Feb 2026#46–17#Mar 2026#<NA>#21 Dec 2025#8 Nov 2025
Saracens#Feb 2026#Feb 2026#Mar 2026#2 Nov 2025#15 Nov 2025#7 Dec 2025#28 Mar 2026#<NA>#6 Jun 2026
Trailfinders#15 Nov 2025#12–24#May 2026#Jan 2026#13 Dec 2025#Mar 2026#Feb 2026#29 Nov 2025#<NA>