week_2_–_20_to_26_october_2025_date#week_2_–_20_to_26_october_2025_time#week_2_–_20_to_26_october_2025_road_team#week_2_–_20_to_26_october_2025_result#week_2_–_20_to_26_october_2025_home_team#week_2_–_20_to_26_october_2025_stadium
20 October 2025#7:00 p.m.#Tigres del Licey#7–4#Gigantes del Cibao#Estadio Julian Javier
20 October 2025#10:00 p.m.#Estrellas Orientales#0–2#Leones del Escogido#Estadio Quisqueya
21 October 2025#7:00 p.m.#Leones del Escogido#Postponed#Gigantes del Cibao#Estadio Julian Javier
21 October 2025#7:30 p.m.#Águilas Cibaeñas#Postponed#Estrellas Orientales#Estadio Tetelo Vargas
21 October 2025#7:30 p.m.#Toros del Este#Postponed#Tigres del Licey#Estadio Quisqueya
22 October 2025#7:15 p.m.#Gigantes del Cibao#Postponed#Leones del Escogido#Estadio Quisqueya
22 October 2025#7:30 p.m.#Estrellas Orientales#Postponed#Águilas Cibaeñas#Estadio Cibao
22 October 2025#7:30 p.m.#Tigres del Licey#Postponed#Toros del Este#Estadio Francisco Micheli
23 October 2025#7:30 p.m.#Gigantes del Cibao#Postponed#Tigres del Licey#Estadio Quisqueya
23 October 2025#7:30 p.m.#Águilas Cibaeñas#Postponed#Estrellas Orientales#Estadio Tetelo Vargas
24 October 2025#7:00 p.m.#Toros del Este#Postponed#Gigantes del Cibao#Estadio Julian Javier
24 October 2025#7:15 p.m.#Águilas Cibaeñas#Postponed#Leones del Escogido#Estadio Quisqueya
24 October 2025#7:30 p.m.#Tigres del Licey#Postponed#Estrellas Orientales#Estadio Tetelo Vargas
25 October 2025#5:00 p.m.#Estrellas Orientales#Postponed#Tigres del Licey#Estadio Quisqueya
25 October 2025#6:00 p.m.#Leones del Escogido#Postponed#Águilas Cibaeñas#Estadio Cibao
25 October 2025#7:30 p.m.#Gigantes del Cibao#Postponed#Toros del Este#Estadio Francisco Micheli
26 October 2025#5:00 p.m.#Águilas Cibaeñas#Postponed#Tigres del Licey#Estadio Quisqueya
26 October 2025#5:00 p.m.#Estrellas Orientales#Postponed#Gigantes del Cibao#Estadio Julian Javier
26 October 2025#5:00 p.m.#Leones del Escogido#Postponed#Toros del Este#Estadio Francisco Micheli