team#location#stadium#capacity
Como#Seregno#Stadio Ferrucio [it]#2000
Fiorentina#Bagno a Ripoli#Viola Park [it]#3000
Genoa#Genoa (Montesignano)#Stadio La Sciorba [fr; it]#4000
Inter Milan#Milan (Porta Sempione)#Arena Civica#10000
Juventus#Biella#Stadio La Marmora-Pozzo [fr; it; no]#5827
Lazio#Formello#Centro Sportivo di Formello#3000
Milan#Fiorenzuola d'Arda#Velodromo Attilio Pavesi [de; it]#4000
Napoli#Cercola#Stadio Giuseppe Piccolo#3947
Parma#Noceto#Stadio Il Noce [it]#800
Roma#Rome (EUR)#Stadio Tre Fontane#4000
Sassuolo#Sassuolo#Stadio Enzo Ricci#4008
Ternana#Narni#Stadio Moreno Gubbiotti#800