ethnicity#language(s)#primary_homeland#religion(s)
Abelam#Sepik → Ndu → Abelam#Papua New Guinea (East Sepik)#Christianity
Ambonese#Austronesian → Malayic → Ambonese Malay#Indonesia (Ambon Island)#Christianity → Protestantism → Calvinism
Amung#Uhunduni languages[note 1]#Indonesia (Mimika, Puncak)#Christianity
Anglo-Celtic Australians#Indo-European → Germanic → English → Australian English#Australia#Christianity
Anglo-New Zealanders#Indo-European → Germanic → English → New Zealand English#New Zealand#Christianity → Protestantism → Anglicanism
Angu#Trans-New Guinea → Angan[note 1]#Papua New Guinea (Kratke Range)#Animism
Anindilyakwa#East Arnhem → Anindilyakwa–Nunggubuyu → Anindilyakwa#Australia (Groote Eylandt, Bickerton Island)#Animism
Antakirinja#Pama-Nyungan → Wati → Antakarinya#Australia (South Australia)#Animism
Anuta#Austronesian → Polynesian → Anuta#Solomon Islands (Anuta)#Christianity
Arrernte#Pama-Nyungan → Arandic → Arrernte#Australia (Arrernte Land)#Alcheringa
Asmat#Trans–New Guinea → Asmat–Kamrau → Asmat[note 1]#Indonesia (Asmat Regency, South Papua)#Christianity → Catholicism
Austral Islanders#Austronesian → Polynesian → Austral#France (Austral Islands)#Christianity
Baining#Baining languages[note 1]#Papua New Guinea (Gazelle Peninsula)#Christianity, Pomio Kivung
Banabans#Austronesian → Micronesian → Gilbertese; historically Austronesian → Micronesian → Banaban#Kiribati (Banaba), Fiji (Rabi Island)#Christianity
Bandanese#Austronesian → Malayic → Banda Malay  Austronesian → Central Maluku → Banda#Indonesia (Banda Islands)#Islam, Christianity
Bauzi#East Geelvink Bay → Bauzi#Indonesia (Papua)#Animism
Bellonese#Austronesian → Polynesian → Bellonese#Solomon Islands (Rennell and Bellona)#Christianity
Biak#Austronesian → Malayo-Polynesian → Biak#Indonesia (Biak Islands)#Christianity, Islam
Bininj#Macro-Gunwinyguan → Gunwinyguan → Bininj Kunwok#Australia (Arnhem Land)#Australian Aboriginal religion
Caldoche#Indo-European → Romance → French, Francosign → French Sign#France (New Caledonia)#Christianity → Catholicism
Carolinians#Austronesian → Micronesian → Carolinian#United States (Northern Mariana Islands)#Christianity → Catholicism
Chamorro#Austronesian → Malayo-Polynesian → Chamorro#United States (Mariana Islands)#Christianity → Catholicism
Chuukese#Austronesian → Micronesian → Chuukese#Federated States of Micronesia (Chuuk Lagoon)#Christianity → Catholicism
Cocos Malays#Malay creoles → Cocos Malay#Australia (Cocos (Keeling) Islands)#Islam → Sunnism
Cook Islanders#None#New Zealand (Cook Islands)#Christianity → Protestantism
Dani#Trans-New Guinea → West Papuan Highlands → Dani[note 1]#Papua New Guinea (Baliem Valley), Indonesia (Highland Papua)#Christianity → Protestantism, Islam
Dharug#Pama-Nyungan → Yuin–Kuric → Dharug#Australia (Sydney)#Dreamtime