no.#wc#date#place#discipline
1#1#28 November 2025#Ruka#10 km C
2#2#29 November 2025#Ruka#Sprint C
3#3#30 November 2025#Ruka#20 km F MSS
4#4#5 December 2025#Trondheim#Sprint C
5#5#6 December 2025#Trondheim#20 km skiathlon
6#6#7 December 2025#Trondheim#10 km F
7#7#13 December 2025#Davos#Sprint F
8#8#14 December 2025#Davos#10 km F
TdS#9#28 December 2025#Toblach#Sprint F
TdS#10#29 December 2025#Toblach#10 km C
TdS#11#31 December 2025#Toblach#5 km F Heat MSS
TdS#12#1 January 2026#Toblach#20 km C PUR
TdS#13#3 January 2026#Val di Fiemme#Sprint C
TdS#14#4 January 2026#Val di Fiemme#10 km F MSS Climb
9#20th Tour de Ski Overall (28 December 2025 – 4 January 2026)#20th Tour de Ski Overall (28 December 2025 – 4 January 2026)#20th Tour de Ski Overall (28 December 2025 – 4 January 2026)#20th Tour de Ski Overall (28 December 2025 – 4 January 2026)
10#15#17 January 2026#Oberhof#Sprint F
11#16#18 January 2026#Oberhof#10 km C
12#17#24 January 2026#Goms#Sprint C
13#18#25 January 2026#Goms#20 km C MSS
2026 Winter Olympics (7 February – 22 February • Milan, Italy)#2026 Winter Olympics (7 February – 22 February • Milan, Italy)#2026 Winter Olympics (7 February – 22 February • Milan, Italy)#2026 Winter Olympics (7 February – 22 February • Milan, Italy)#2026 Winter Olympics (7 February – 22 February • Milan, Italy)
14#19#28 February 2026#Falun#Sprint F
15#20#1 March 2026#Falun#20 km skiathlon
16#21#7 March 2026#Lahti#Sprint F
17#22#8 March 2026#Lahti#10 km C
18#23#12 March 2026#Drammen#Sprint C
19#24#14 March 2026#Oslo#50 km F MSS
20#25#20 March 2026#Lake Placid#10 km C
21#26#21 March 2026#Lake Placid#Sprint F
22#27#22 March 2026#Lake Placid#20 km F MSS
45th FIS World Cup Overall (28 November 2025 – 22 March 2026)#45th FIS World Cup Overall (28 November 2025 – 22 March 2026)#45th FIS World Cup Overall (28 November 2025 – 22 March 2026)#45th FIS World Cup Overall (28 November 2025 – 22 March 2026)#45th FIS World Cup Overall (28 November 2025 – 22 March 2026)