date_time,_tv_non-conference_regular_season#opponent_non-conference_regular_season#result_non-conference_regular_season#record_non-conference_regular_season#site_(attendance)_city,_state_non-conference_regular_season
November 3, 2025* 7:30 p.m., ACCNX#at Georgia Tech#L 52–56 OT#0–1#McCamish Pavilion (3,551) Atlanta, GA
November 5, 2025* 7:00 p.m., SECN+#at Georgia#L 29–94#0–2#Stegeman Coliseum (5,595) Athens, GA
November 8, 2025* 4:30 p.m.#Cheyney#W 104–59#1–2#Hytche Athletic Center (3,876) Princess Anne, MD
November 11, 2025* 8:00 p.m., B1G+#at Nebraska#L 50–69#1–3#Pinnacle Bank Arena (13,653) Lincoln, NE
November 14, 2025* 8:00 p.m., Peacock#at No. 23 Creighton#L 45–84#1–4#CHI Health Center Omaha (16,603) Omaha, NE
November 18, 2025* 7:00 p.m., ESPN+#at Longwood#W 83–82 2OT#2–4#Joan Perry Brock Center (1,236) Farmville, VA
November 21, 2025* 7:00 p.m., ESPN+#at Canisius Queen City Classic#L 57–60#2–5#Koessler Athletic Center (577) Buffalo, NY
November 22, 2025* 3:00 p.m.#vs. Binghamton Queen City Classic#W 63–52#3–5#Koessler Athletic Center (261) Bufffalo, NY
November 25, 2025* 7:00 p.m.#Hampton#L 68–74#3–6#Hytche Athletic Center (2,112) Princess Anne, MD
November 29, 2025* 4:00 p.m.#Gwynedd Mercy#W 84–60#4–6#Hytche Athletic Center (876) Princess Anne, MD
December 2, 2025* 7:00 p.m., ESPN+#at East Carolina#L 56–68#4–7#Williams Arena (2,883) Greenville, NC
December 6, 2025* 2:00 p.m., ESPN+#at American#<NA>#<NA>#Bender Arena Washington, D.C.
December 9, 2025* 7:00 p.m., ACCNX#at Virginia#<NA>#<NA>#John Paul Jones Arena Charlottesville, VA
December 12, 2025* 7:00 p.m., FloCollege#at North Carolina A&T#<NA>#<NA>#Corbett Sports Center Greensboro, NC
December 14, 2025* 12:00 p.m., ACCNX#at Virginia Tech#<NA>#<NA>#Cassell Coliseum Blacksburg, VA
December 17, 2025* 7:00 p.m.#at Wagner#<NA>#<NA>#Spiro Sports Center Staten Island, NY
December 22, 2025* 8:00 p.m., SECN+#at Texas#<NA>#<NA>#Moody Center Austin, TX
MEAC regular season#MEAC regular season#MEAC regular season#MEAC regular season#MEAC regular season
January 3, 2026 4:30 p.m.#at Morgan State#<NA>#<NA>#Hytche Athletic Center Princess Anne, MD
January 10, 2026 4:30 p.m.#Howard#<NA>#<NA>#Hytche Athletic Center Princess Anne, MD
January 12, 2026 7:00 p.m.#at Norfolk State#<NA>#<NA>#Joseph G. Echols Memorial Hall Norfolk, VA
January 17, 2026 4:30 p.m.#Coppin State#<NA>#<NA>#Hytche Athletic Center Princess Anne, MD
January 24, 2026 4:00 p.m.#at South Carolina State#<NA>#<NA>#SHM Memorial Center Orangeburg, SC
January 26, 2026 7:00 p.m., ESPN+#at North Carolina Central#<NA>#<NA>#McDougald–McLendon Arena Durham, NC
January 31, 2026 4:00 p.m., ESPN+#at Delaware State#<NA>#<NA>#Memorial Hall Dover, DE
February 7, 2026 4:00 p.m.#at Morgan State#<NA>#<NA>#Hill Field House Baltimore, MD
February 14, 2026 TBD, ESPN+#at Howard#<NA>#<NA>#Burr Gymnasium Washington, D.C.