date#name_(age)_of_deceased#state_(city)
1929-12-28#William "Dinky" Quan (28)#Illinois (Chicago)
1929-12-28#William Wilson (33)#Illinois (Chicago)
1929-12-28#William Ryan#Illinois (Chicago)
1929-12-18#Julian Rachel#Illinois (Bloomington)
1929-08-07#Joseph Mair (20)#Minnesota (Minneapolis)
1928-05-07#O.A. Morrisey#California (San Diego)
1929-05-07#Stephen Koriwcerc (35)#Illinois (Chicago)
1929-04-24#Ottmer Herman Fleming (21)#Washington, DC
1928-12-26#Joseph "Frank" Orlando (28)#Illinois (Chicago)
1928-04-06#Emmett Winfrey (20)#Missouri (St. Louis)
1928-03-28#Mrs. Deking#Illinois (Aurora)
1928-02-28#John Jackman (19)#Michigan (Detroit)
1928-01-09#John "Jack Rabbit" Bunk#Illinois (Chicago)
1928-01-09#Unnamed man (alias "Punk")#Illinois (Chicago)
1927-11-22#Frank Herbert#Illinois (Chicago)
1927-09-07#Unnamed man#Texas (Breckenridge)
1927-08-28#Lester Wright (29)#Connecticut (Hartford)
1927-08-13#Harry Booth (32)#Florida (Miami)
1927-04-07#Anton "Tony Van Oosbree (24)#Iowa (Sioux City)
1927-03-30#Joseph Clemente#Illinois (Chicago)
1927-03-06#Unnamed man (possibly G. Ricca)#California (San Francisco)
1927-02-12#Unnamed man#Georgia (Atlanta)
1927-01-05#Oscar Brooks (45)#Alabama (Brantley)
1926-10-28#John "Bum" Rogers#New York (Manhattan)
1926-10-22#Lawrence Bolton (25)#Ohio (Athens)
1926-10-22#Lloyd Hunder a.k.a. Mike Bartley#Virginia (Staunton)
1926-10-02#Walter Dunn#Tennessee (Johnson City)
1926-09-13#James Monroe (26)#Florida (Miami)
1926-06-16#Eddie "Black Cat" Jones#Texas (Dallas)
1926-06-09#Lee Hurney#Oklahoma (Picher)
1926-06-09#Charles Mays#Oklahoma (Picher)
1926-06-08#Unnamed man#Texas (Brownsville)
1926-04-30#Louis Burns (20)#Iowa (Cedar Rapids)
1926-04-30#Floyd Laston (18)#Iowa (Cedar Rapids)
1926-04-13#Wiley Flowers#Oklahoma (Sapuplpa)
1926-03-24#Walter Boyd (35)#Indiana (Indianapolis)
1925-11-16#Minnie Schleissler (21)#New Jersey (Jersey City)
1925-10-06#C. R. Thompson#New Hampshire (Concord)
1925-09-25#John Eden (66)#Oklahoma (Broken Bow)
1925-09-23#Earl Williams#Nebraska (Omaha)
1925-09-10#Claud Combs#Oklahoma (Altus)
1925-08-24#Robert Elliott (25)#Tennessee (Spring City)
1925-08-21#Walter Derosier (20)#Massachusetts (Worcester)
1925-07-29#Unnamed man#Illinois (Chicago)
1925-07-29#Unnamed man#Illinois (Chicago)
1925-04-13#Leo Spence (20)#Illinois (Marion)
1925-03-09#Unnamed man#New Jersey (Jersey City)
1924-12-18#Franklin Myler#Nebraska (Omaha)
1924-11-20#J. H. Sims#Missouri (Kansas City)
1924-09-16#George Rae (34)#Pennsylvania (West Newton)