ethnicity#language(s)#primary_homeland#subgroups,_tribes_&_castes#religion(s)
Abagusii#Atlantic–Congo → Bantu → Gusii#Kenya (Kisii County, Nyamira County, Kericho County, Bomet County)#Abagetutu, Abanyaribari, Abagirango, Abanchari, Abamachoge, Ababasi#Christianity, Traditional African religion
Acholi#Nilotic → Luo → Acholi#South Sudan, Uganda (Acholiland)#Agago, Amuru, Gulu, Kitgum, Lamwo, Nwoya, Pader, Omoro#Christianity, Islam
Adjoukrou#Niger–Congo → Kwa → Adjukru#Ivory Coast (Dabou)#None#Christianity
Afar#Afroasiatic → Cushitic → Afar#Djibouti, Eritrea, Ethiopia (Afaria)#Asaimara, Adoimara#Islam, Early Cushitic
Afemai#Atlantic–Congo → Edoid → Afenmai#Nigeria (Edo State)#None#Christianity
Afrikaners#Indo-European → Germanic → Dutch → Afrikaans#South Africa#<NA>#Christianity → Protestantism → Calvinism
Agaw#Afroasiatic → Cushitic → Agaw[note 1]#Horn of Africa (Ethiopia, Eritrea)[note 2]#Bilen, Ximre, Awi, Qemant#Christianity → Oriental Orthodoxy → Ethiopian Orthodoxy
Aja#Niger–Congo → Kwa → Adja#Benin, Togo#<NA>#West African Vodun
Aka#Niger–Congo → Bantu → Aka#Central African Republic, Republic of the Congo#<NA>#Traditional Aka religion
Akans#None#Ghana (Gold Coast)[note 4]#None#Christianity
Akie#Nilotic → Kalenjin → Akie  Nilo-Saharan → Nilotic → Maasai (adopted language)#Tanzania (Manyara Region)#<NA>#Traditional Akie religion
Alexandrian Greek Christians#Historically Indo-European → Hellenic → Greek  Afroasiatic → Arabic → Egyptian Arabic#Egypt#<NA>#Christianity → Eastern Orthodoxy → Greek Orthodoxy → Greek Orthodox Church of Alexandria Christianity → Catholicism → Melkite Catholicism
Alur#Nilo-Saharan → Nilotic → Alur#Uganda (West Nile sub-region), Democratic Republic of the Congo (Ituri Province)#<NA>#Christianity
Ambundu#Niger–Congo → Bantu → Kimbundu#Angola#<NA>#Christianity, Traditional African religions
Amdang#Furan → Amdang#Sudan (West Darfur), Chad (Wadi Fira)#<NA>#Islam
Americo-Liberians#None#Liberia#<NA>#Christianity → Protestantism
Amhara#Afroasiatic → Semitic → Ethiopic → Amharic#Ethiopia (Amharia)#<NA>#Christianity → Oriental Orthodoxy → Ethiopian Orthodoxy
Anglo-South Africans#Indo-European → Germanic → English → South African English#South Africa#Significant populations in the United Kingdom, Australia, New Zealand, Canada, and the United States#Christianity
Anuak#Nilo-Saharan → Nilotic → Anuak#Ethiopia (Anuakia), South Sudan (Boma)#<NA>#Christianity
Arabs#Afroasiatic → Semitic → Arabic[note 1]  Arab Sign,[note 1] Sudanese sign languages[note 1]#North Africa, Sahel#None#Islam → Sunni Islam, Sufism, Shia Islam → Twelver Shi'ism, Isma'ilism → Tayyibi Isma'ilism → Sulaymani, Zaydism, Ibadism
Argobba#Afroasiatic → Ethiopic → Argobba[note 5]#Ethiopia (Afar, Harari, Amhara, and Oromia Regions)[note 2]#<NA>#Islam → Sunni Islam
Atyap#Niger–Congo → Plateau → Atyap#Nigeria (Kaduna State)#<NA>#Christianity
Babur and Bura#Afroasiatic → Chadic → Bura#Nigeria (Borno State and Adamawa State)#Babur, Bura#Islam