date#name_(age)_of_deceased#state_(city)
1979-12-29#William Gavin (39)#California (Los Angeles)
1979-12-29#James Emil Seidle (26)#California (Madera)
1979-12-28#Royce Edward Rice (47)#Louisiana (Monroe)
1979-12-28#James Michael Inmon (27)#Oklahoma (Tulsa)
1979-12-26#Unnamed man (30s)#New Jersey (Bedminster Township)
1979-12-26#Unnamed man (20s)#New York (Brooklyn)
1979-12-25#Mark Sasser (28)#Pennsylvania (Phoenixville)
1979-12-23#Randy Guerrero (20)#Wisconsin (Milwaukee)
1979-12-23#Francis John (30)#California (Oakland)
1979-12-21#Lawrence Riddle (23)#Michigan (Kalamazoo)
1979-12-20#William Bryant (36)#Maryland (Baltimore)
1979-12-17#Arthur McDuffie (33)#Florida
1979-12-17#Willie Harper (38)#New York (Brooklyn)
1979-12-15#Unnamed girl (6 weeks old)#South Carolina (Leesville)
1979-12-14#James J. Kuhl (22)#Montana (Helena)
1979-12-14#Chuey Bedencourt (32)#South Carolina (Sumter)
1979-12-13#John Louis Crouch (54)#Texas (Arlington)
1979-12-13#Melton Ellzey (28)#Louisiana (New Orleans)
1979-12-11#Unnamed man (20s)#Florida (Fort Lauderdale)
1979-12-11#Billy Rex Hill (27)#California (Costa Mesa)
1979-12-10#Raymond Stoepker (35)#New Jersey (Elmwood Park)
1979-12-09#Dennis Childs (26)#Oklahoma (Bixby)
1979-12-08#Andrew Collins (55)#Louisiana (Baton Rouge)
1979-12-08#Clyde Daniel Graham (22)#Illinois (Effingham)
1979-12-07#Thomas Buntrock#Wisconsin (Mequon)
1979-12-07#Anthony Johnson (19)#Wisconsin (Mequon)
1979-12-06#Peter Everrett Roberson (23)#North Carolina (Sanford)
1979-12-04#Yvette Twillie (27)#Illinois (Chicago)
1979-12-03#Dennis James Miller (21)#Florida (Lake City)
1979-12-01#Ted Trenberth (40)#California (South Central Los Angeles)
1979-11-29#Lawrence Miles (23)#Illinois (Marion)
1979-11-29#Unnamed man#North Carolina (Raleigh)
1979-11-26#Robert Rhines (20)#Alaska (Fairbanks)
1979-11-23#Dennis Warren Newcomb (27)#Virginia (Vinton)
1979-11-21#Kathleen "Kitty" Norman (23)#New Jersey (Highlands)
1979-11-20#Unnamed man#New Mexico (Lordsburg)
1979-11-16#George Farrar Parker Jr. (46)#North Carolina (Charlotte)
1979-11-16#Gilles Brown Parker (36)#North Carolina (Charlotte)
1979-11-16#George Farrar Parker III (13)#North Carolina (Charlotte)
1979-11-13#Javier Sanchez (19)#Texas (San Antonio)
1979-11-13#Marcellino Gonzalez (34)#New York (Manhattan)
1979-11-12#Gary M. Gordon (39)#Minnesota (Kasson)
1979-11-11#Jenaro Barreto (25)#Illinois (Chicago)
1979-11-06#Unnamed man#Georgia (Macon)
1979-11-04#Gary McGahan#Ohio (Coshocton)
1979-11-01#Donald Goodwin (31)#South Carolina (Columbia)
1979-10-29#Unnamed man#Virginia (Portsmouth)
1979-10-28#Willie Earl Junor Williams (48)#Florida (Kissimmee)
1979-10-28#Kyle Hill (18)#New York (Rochester)