date_(2026)#city#country#venue
22 January#Łódź#Poland#Atlas Arena
24 January#Berlin#Germany#Uber Arena
25 January#Prague#Czech Republic#O2 Arena
27 January#Amsterdam#Netherlands#Ziggo Dome
28 January#Amsterdam#Netherlands#Ziggo Dome
30 January#Bologna#Italy#Unipol Arena
1 February#Antwerp#Belgium#AFAS Dome
3 February#Copenhagen#Denmark#Royal Arena
5 February#Oslo#Norway#Unity Arena
7 February#Stockholm#Sweden#Avicii Arena
10 February#Cologne#Germany#Lanxess Arena
11 February#Zürich#Switzerland#Hallenstadion
13 February#Barcelona#Spain#Palau Sant Jordi
15 February#Paris#France#Accor Arena
17 February#Manchester#England#Co-op Live
18 February#Manchester#England#Co-op Live
20 February#Glasgow#Scotland#OVO Hydro
21 February#Glasgow#Scotland#OVO Hydro
23 February#Birmingham#England#bp pulse LIVE
24 February#Birmingham#England#bp pulse LIVE
26 February#London#England#The O2 Arena
27 February#London#England#The O2 Arena
1 March#London#England#The O2 Arena
2 March#London#England#The O2 Arena
4 March#Dublin#Ireland#3Arena
5 March#Dublin#Ireland#3Arena
31 March#Sacramento#United States#Channel 24
2 April#Vancouver#Canada#Thunderbird Sports Centre
3 April#Seattle#United States#WaMu Theater
6 April#Denver#United States#Fillmore Auditorium
8 April#Minneapolis#United States#State Theatre
10 April#Chicago#United States#Auditorium Theatre
12 April#Montreal#Canada#Place Bell
13 April#Toronto#Canada#Coca-Cola Coliseum
15 April#New York City#United States#Radio City Music Hall
16 April#New York City#United States#Radio City Music Hall
19 April#Philadelphia#United States#The Met Presented by Highmark
20 April#Boston#United States#MGM Music Hall at Fenway
26 April#Washington, D.C.#United States#The Anthem
28 April#Atlanta#United States#Coca-Cola Roxy
29 April#Nashville#United States#Ryman Auditorium
1 May#Houston#United States#713 Music Hall
3 May#Dallas#United States#South Side Ballroom
4 May#Austin#United States#Moody Amphitheater
7 May#Phoenix#United States#Arizona Financial Theatre
8 May#Las Vegas#United States#The Chelsea
10 May#San Francisco#United States#Bill Graham Civic Auditorium
12 May#Los Angeles#United States#Greek Theatre
13 May#Los Angeles#United States#Greek Theatre
19 May#London#England#The O2 Arena