team#city#stadium#capacity
Audax Italiano#Santiago (La Florida)#Bicentenario de La Florida#11637
Cobresal#El Salvador#El Cobre#11240
Colo-Colo#Santiago (Macul)#Monumental David Arellano#43667
Coquimbo Unido#Coquimbo#Francisco Sánchez Rumoroso#15809
Deportes Concepción#Concepción#Ester Roa Rebolledo#30448
Deportes La Serena#La Serena#La Portada#17134
Deportes Limache#Limache#Nicolás Chahuán Nazar[i]#8353
Everton#Viña del Mar#Sausalito#21754
Huachipato#Talcahuano#Huachipato-CAP Acero#10032
Ñublense#Chillán#Nelson Oyarzún Arenas#11319
O'Higgins#Rancagua#El Teniente#12476
Palestino#Santiago (La Cisterna)#Municipal de La Cisterna#8000
Unión La Calera#La Calera#Nicolás Chahuán Nazar#8353
Universidad Católica#Santiago (Las Condes)#Claro Arena#20249
Universidad de Chile#Santiago (Ñuñoa)#Nacional Julio Martínez Prádanos#46190
Universidad de Concepción#Concepción#Ester Roa Rebolledo#30448