name#born#died#years_nominated
2010#2010#2010#2010
Néstor Amarilla#24 July 1980 Coronel Oviedo, Caaguazú, Paraguay#(aged 45)#2010
Valentin Rasputin#15 March 1937 Ust-Uda, Ust-Udinsky, Russia#14 March 2015 Moscow, Russia#2010
Kanta Ibraguimov#9 July 1960 Grozny, Chechnya, Russia#(aged 65)#2010, 2012
2011#2011#2011#2011
Besik Kharanauli#11 November 1939 Tianeti, Georgia#(aged 86)#2011, 2015
David Magradze#28 June 1962 Tbilisi, Georgia#(aged 63)#2011, 2018, 2019
Nawal El Saadawi#22 October 1931 Kafr Tahla, Qalyubiyya, Egypt#21 March 2021 Cairo, Egypt#2011, 2012, 2021
2012#2012#2012#2012
Mo Yan#5 March 1955 Gaomi, Shandong, China#(aged 70)#2012
Kamal Mehdi Abdullayev#4 December 1950 Baku, Azerbaijan#(aged 75)#2012
Mahasweta Devi#14 January 1926 Dhaka, Bangladesh#28 July 2016 Kolkata, West Bengal, India#2012
Maksud Ibrahimbeyov#11 May 1935 Baku, Azerbaijan#22 March 2016 Baku, Azerbaijan#2012
Dacia Maraini#13 November 1936 Florence, Italy#(aged 89)#2012
Ariano Suassuna#16 June 1927 João Pessoa, Paraíba, Brazil#23 July 2014 Recife, Pernambuco, Brazil#2012
Fazil Iskander#6 March 1929 Sukhumi, Georgia#31 July 2016 Peredelkino, Moscow, Russia#2012, 2013
2013#2013#2013#2013
Paul Goma#2 October 1935 Seliște, Nisporeni, Moldova#25 March 2020 Paris, France#2013
Dante Maffia#17 January 1946 Roseto Capo Spulico, Cosenza, Italy#(aged 80)#2013
Varujan Vosganian#25 July 1958 Craiova, Romania#(aged 67)#2013, 2014, 2015
Luiz de Miranda#6 April 1945 Uruguaiana, Rio Grande do Sul, Brazil#29 July 2022 Porto Alegre, Rio Grande do Sul, Brazil#2013, 2014, 2015, 2016, 2017, 2018, 2019, 2020
2014#2014#2014#2014
Patrick Modiano#30 July 1945 Boulogne-Billancourt, Hauts-de-Seine, France#(aged 80)#2014
Nicolae Breban#1 February 1934 Baia Mare, Romania#(aged 92)#2014
Vasyl Holoborodko#7 April 1945 Adrianopil, Perevalsk, Ukraine#(aged 80)#2014
Norman Manea#19 July 1936 Suceava, Romania#(aged 89)#2014
Boualem Sansal#15 October 1949 Théniet El Had, Algeria#(aged 76)#2014
Mircea Cărtărescu#1 June 1955 Bucharest, Romania#(aged 70)#2014, 2015
2015#2015#2015#2015
Bernardo Atxaga#27 July 1951 Asteasu, Guipuzkoa, Spain#(aged 74)#2015
Moniz Bandeira#30 December 1935 Salvador, Bahia, Brazil#10 November 2017 Heidelberg, Baden-Württemberg, Germany#2015
Sebastiano Vassalli#24 October 1941 Genoa, Italy#26 July 2015 Casale Monferrato, Alessandria, Italy#2015
Anna Nerkagi#15 February 1951 Yamalo-Nenets, Russia#(aged 74)#2015, 2018, 2020
Pierfranco Bruni#18 January 1955 San Lorenzo del Vallo, Cosenza, Italy#(aged 71)#2015, 2023
Francesco Benozzo#22 February 1969 Modena, Italy#22 March 2025 Serramazzoni, Modena, Italy#2015, 2016, 2018, 2019, 2020, 2024
2016#2016#2016#2016