name#born#died#years_nominated
2000#2000#2000#2000
Gao Xingjian#4 January 1940 Ganzhou, Jiangxi, China#(aged 86)#2000
Alice Munro#10 July 1931 Wingham, Ontario, Canada#13 May 2024 Port Hope, Ontario, Canada#2000, 2002, 2004, 2005, 2006, 2007, 2013
Li Ao#25 April 1935 Harbin, Heilongjiang, China#18 March 2018 Taipei, Taiwan#2000
Ben Okri#15 March 1959 Minna, Niger, Nigeria#(aged 66)#2000, 2002, 2003, 2005
Juan Goytisolo#6 January 1931 Barcelona, Spain#4 June 2017 Marrakesh, Morocco#2000, 2004, 2005
Lev Rubinstein#19 February 1947 Moscow, Russia#14 January 2024 Moscow, Russia#2000, 2002, 2003, 2004, 2005, 2006, 2007
Amos Oz#4 May 1939 Jerusalem, Israel#28 December 2018 Petah Tikva, Israel#2000, 2001, 2002, 2003, 2004, 2005, 2006, 2007
2001#2001#2001#2001
Herta Müller#17 August 1953 Nițchidorf, Romania#(aged 72)#2001, 2006, 2007, 2009
Sophia de Mello Breyner Andresen#6 November 1919 Porto, Portugal#2 July 2004 Lisbon, Portugal#2001
Henrik Nordbrandt#21 March 1945 Frederiksberg, Denmark#31 January 2023 Copenhagen, Denamrk#2001
Yordan Radichkov#24 October 1929 Kalimanitza, Montana, Bulgaria#21 January 2004 Sofia, Bulgaria#2001
Richard Ford#16 February 1944 Jackson, Mississippi, United States#(aged 81)#2001, 2002, 2006
Li Kuei-hsien#19 June 1937 Taipei, Taiwan#15 January 2025 Taipei, Taiwan#2001, 2003, 2006
Ko Un#1 August 1933 Gunsan, Jeollabuk-do, South Korea#(aged 95)#2001, 2002, 2003, 2005, 2006, 2007
Adam Zagajewski#21 June 1945 Lviv, Ukraine#21 March 2021 Kraków, Poland#2001, 2002, 2010
Assia Djebar#30 June 1936 Cherchell, Tipaza, Algeria#6 February 2015 Paris, France#2001, 2002, 2003, 2004, 2005, 2006, 2007
2002#2002#2002#2002
Imre Kertész#9 November 1929 Budapest, Hungary#31 March 2016 Budapest, Hungary#2002
Orhan Pamuk#7 June 1952 Istanbul, Türkiye#(aged 73)#2002, 2005, 2006
John Banville#8 December 1945 Wexford, Ireland#(aged 80)#2002
Noam Chomsky#7 December 1928 Philadelphia, Pennsylvania, United States#(aged 97)#2002
Leyla Erbil#12 January 1931 Istanbul, Türkiye#19 July 2013 Istanbul, Türkiye#2002
Ferreira Gullar#10 September 1930 São Luís, Maranhão, Brazil#4 December 2016 Rio de Janeiro, Brazil#2002
Arnošt Lustig#21 December 1926 Prague, Czech Republic#26 February 2011 Prague, Czech Republic#2002
John Ralston Saul#19 June 1947 Ottawa, Canada#(aged 78)#2002
Jorge Semprún#10 December 1923 Madrid, Spain#7 June 2011 Paris, France#2002
Harry Mulisch#29 July 1927 Haarlem, North Holland, Netherlands#30 October 2010 Amsterdam, Netherlands#2002, 2003
Susan Sontag#16 January 1933 New York City, United States#28 December 2004 New York City, United States#2002, 2003, 2004
Aharon Appelfeld#16 February 1932 Stara Zhadova, Chernivtsi, Ukraine#4 January 2018 Petah Tikva, Israel#2002, 2005
Nuruddin Farah#24 November 1945 Baidoa, Somalia#(aged 80)#2002, 2003, 2004, 2005