no_lombok_island_zone#team_lombok_island_zone#location_lombok_island_zone
1#Garuda Muda#West Lombok Regency
2#Perslobar#West Lombok Regency
3#Bintang Ampenan#Mataram City
4#INFA#Mataram City
5#PS Bima Sakti#Mataram City
6#PS Fatahillah 354#Mataram City
7#PS Mataram#Mataram City
8#PS Selaparang Raya#Mataram City
9#Redwood#Mataram City
10#PS Daygun#North Lombok Regency
11#Mandalika#Central Lombok Regency
12#PSLT#Central Lombok Regency
13#Anzala#East Lombok Regency
14#Perslotim#East Lombok Regency
15#PS Hamzanwadi#East Lombok Regency
16#PS Bintang Kejora#East Lombok Regency