parliamentary_group_new#parliamentary_group_former#mp_name#mp_begin_date#mp_end_date#associated_party_associated_party
Aarden#KVP#Jacques Aarden#27 February 1968#9 May 1971#PPR
Aarden#KVP#Paul Janssen#27 February 1968#9 May 1971#PPR
Aarden#KVP#Annie Kessel#20 March 1968#9 May 1971#PPR
Van Bemmel#PVV#Jhim van Bemmel#6 July 2012#19 September 2012#<NA>
Bontes#PVV#Louis Bontes#29 October 2013#14 April 2014#<NA>
Bontes/Van Klaveren#PVV[a]#Louis Bontes#25 April 2014#22 March 2017#VNL
Bontes/Van Klaveren#PVV[a]#Joram van Klaveren#25 April 2014#22 March 2017#VNL
Brinkman#PVV#Hero Brinkman#20 March 2012#19 September 2012#OBP/DPK
Eerdmans/Van Schijndel#LPF#Joost Eerdmans#25 September 2006#28 November 2006#One NL
Eerdmans/Van Schijndel#VVD[b]#Anton van Schijndel#25 September 2006#28 November 2006#One NL
Ephraim#Van Haga Group#Olaf Ephraim#5 September 2023#5 December 2023#PVV
Goedhart#PvdA#Frans Goedhart#14 May 1970#9 May 1971#DS'70
Goedhart#PvdA#Wybrand Schuitemaker#14 May 1970#9 May 1971#DS'70
Goedhart#PvdA#Fia van Veenendaal-van Meggelen#18 July 1970#9 May 1971#DS'70
Gortzak#CPN#Bertus Brandsen#14 April 1958#19 March 1959#SWP
Gortzak#CPN#Henk Gortzak#14 April 1958#19 March 1959#SWP
Gortzak#CPN#Rie Lips-Odinot#14 April 1958#19 March 1959#SWP
Gortzak#CPN#Gerben Wagenaar#14 April 1958#19 March 1959#SWP
Gündoğan#Volt#Nilüfer Gündoğan#26 February 2022#8 March 2022#<NA>
Gündoğan#Volt#Nilüfer Gündoğan#22 March 2022#5 December 2023#<NA>
Den Haan#50+#Liane den Haan#6 May 2021#5 December 2023#GOUD
Van Haga#VVD#Wybren van Haga#24 September 2019#30 November 2020#<NA>
Van Haga#FVD#Olaf Ephraim#13 May 2021#1 August 2023#BVNL
Van Haga#FVD#Wybren van Haga#13 May 2021#5 December 2023#BVNL
Van Haga#FVD#Hans Smolders#13 May 2021#5 December 2023#BVNL
Harmsen#BP#Johan van de Brake#27 June 1968#9 May 1971#BR
Harmsen#BP#Wouter van Harselaar#27 June 1968#9 May 1971#BR
Harmsen#BP#Evert Harmsen#27 June 1968#9 May 1971#BR
Harmsen#BP#Hubert Kronenburg#27 June 1968#11 November 1968#<NA>
Hendriks#AOV#Theo Hendriks#11 October 1994#18 May 1998#<NA>
Houwers#VVD#Johan Houwers#25 March 2015#22 March 2017#<NA>
Huijsen#CHU#Coos Huijsen#30 March 1976#7 June 1977#<NA>
Janmaat#CP#Hans Janmaat#5 December 1984#2 June 1986#CD
De Jong#NMP#Jacques de Jong#13 September 1971#6 December 1972#DMP
De Jong#LPF#Winny de Jong#7 October 2002#29 January 2003#Cons.
De Jong#LPF#Cor Eberhard#7 October 2002#29 January 2003#Cons.
Klein[c]#50+#Norbert Klein#28 May 2014#22 March 2017#VP