month/day#venue#city#country#other_bands#shows_total#shows_this_year#flyer#tour
January 12#New Masque#San Francisco, CA#USA#The Germs#25#1#1#?
January 13#New Masque#San Francisco, CA#USA#The Germs#26#2#1#?
January 20#La Plaza#Cotati, CA#USA#The Imposters, The Variables#27#3#?#?
January 26#The Pit#San Francisco, CA#USA#The Mutants, K.G.B.#28#4#1#?
February 24#Mabuhay Gardens#San Francisco, CA#USA#The VIPs, The Runz#29#5#?#?
March 3#The Deaf Club#San Francisco, CA#USA#Germs#30#6#1 2#?
April 6#Mabuhay Gardens#San Francisco, CA#USA#Situations, William Talon#31#7#?#?
April 7#10th Street#Berkeley, CA#USA#The Mutants, D.O.A.#32#8#1#?
April 19#The Temple#San Francisco, CA#USA#The Neo Boys, The Urge#33#9#1 2 3#?
April 20#Mills College Student Union#Oakland, CA#USA#The Queers, Negative Trend#34#10#1#?
April 27#Mabuhay Gardens#San Francisco, CA#USA#Germs#35#11#1#?
May 18#Mabuhay Gardens#San Francisco, CA#USA#Bags, Units#36#12#1 2 3#?
May 26#The Temple#San Francisco, CA#USA#D.O.A., The Offs, Middle Class#37#13#1#?
June 5#Hurrah#New York City, NY#USA#Chain Gang#38#14#1#1979 East Coast Tour
June 6#The Hot Club#Philadelphia, PA#USA#Pink Section, China Comidas#39#15#1#1979 East Coast Tour
June 7#Max's Kansas City#New York City, NY#USA#Voodoo Shoes#40#16#1#1979 East Coast Tour
June 13#The Rat#Boston, MA#USA#Chinas Cortinas#41#17#?#1979 East Coast Tour
June 14#Tomato#New York City, NY#USA#?#42#18#1#1979 East Coast Tour
June 30#The Temple#San Francisco, CA#USA#None#43#19#1#?
July 4#Mabuhay Gardens#San Francisco, CA#USA#Vs., Units#44#20#1 2#?
July 7#Washington Hall#Seattle, WA#USA#Ice-9#45#21#1 2#1979 Pacific Northeast Tour
July 11#The Long Goodbye#Portland, OR#USA#The Fit, Ziplocs#46 (7:00 PM)#22#1 2#1979 Pacific Northeast Tour
July 11#The Long Goodbye#Portland, OR#USA#The Fit, Ziplocs#47 (10:00 PM)#23#1 2#1979 Pacific Northeast Tour
July 12#Smilin' Buddha#Vancouver, BC#CAN#The Modernettes, Braineaters#48#24#1 2#1979 Pacific Northeast Tour
July 13#Smilin' Buddha#Vancouver, BC#CAN#The Modernettes, Braineaters#49#25#1 2#1979 Pacific Northeast Tour
July 14#Smilin' Buddha#Vancouver, BC#CAN#The Modernettes, Braineaters#50#26#1 2#1979 Pacific Northeast Tour
July 15#Vancouver East Cultural Center#Vancouver, BC#CAN#?#51#27#?#1979 Pacific Northeast Tour
July 24#Mabuhay Gardens#San Francisco#USA#The Punts, The V.I.P.s, The Rotters#52#28#1 2#?