prefecture#high_school#league#l.#apps.
Hokkaido#Hokkai High School#Hokkaido Prince League#2#14th
Aomori#Aomori Yamada High School#Premier League East#1#31st
Iwate#Senshu Univ. Kitakami High School#Tohoku Prince League#2#4th
Miyagi#Seiwa Gakuen High School#Tohoku Prince League#2#6th
Akita#Akita Shogyo High School#Akita Football League#4#47th
Yamagata#Yamagata Meisei High School#Yamagata Football League#4#2nd
Fukushima#Shoshi High School#Tohoku Prince League#2#16th
Ibaraki#Kashima Gakuen High School#Kanto Prince League D1#2#6th
Tochigi#Yaita Chuo High School#Kanto Prince League D1#2#15th
Gunma#Maebashi Ikuei High School#Premier League East#1#28th
Saitama#Shohei High School#Premier League East#1#7th
Chiba#Ryutsu Keizai Univ. Kashiwa High School#Premier League East#1#9th
Tokyo#Waseda Jitsugyo High School#Tokyo T2 League#5#2nd
Tokyo#Horikoshi High School#Tokyo T1 League#4#6th
Kanagawa#Nihon Univ. Fujisawa High School#Kanagawa Football League#4#8th
Yamanashi#Yamanashi Gakuin High School#Kanto Prince League D1#2#11th
Nagano#Ueda Nishi High School#Nagano Football League#4#4th
Niigata#Teikyo Nagaoka High School#Premier League West#1#11th
Toyama#Toyama Daiichi High School#Hokushin'etsu Prince League D2#3#35th
Ishikawa#Kanazawa Gakuin Univ. High School#Hokushin'etsu Prince League D2#3#2nd
Fukui#Fukui Shogyo High School#Fukui Football League#4#3rd
Shizuoka#Hamamatsu Kaisei-kan High School#Tokai Prince League#2#3rd
Aichi#Tokai Gakuen High School#Aichi Football League#4#5th
Mie#Uji-Yamada Shogyo High School#Mie Football League#4#2nd
Gifu#Teikyo Univ. Kani High School#Tokai Prince League#2#12th
Shiga#Minakuchi High School#Shiga Football League#4#16th
Kyoto#Kyoto Tachibana High School#Kansai Prince League D1#2#12th
Osaka#Kokoku High School#Kansai Prince League D1#2#2nd
Hyogo#Kobe Koryo Gakuen High School#Kansai Prince League D1#2#13th
Nara#Nara Ikuei High School#Nara Football League#4#18th
Wakayama#Hatsushiba Hashimoto High School#Wakayama Football League#4#18th
Tottori#Yonago Kita High School#Chugoku Prince League#2#21st
Shimane#Taisha High School#Shimane Football League#4#12th
Okayama#Okayama Gakugeikan High School#Chugoku Prince League#2#8th
Hiroshima#Hiroshima Minami High School#Chugoku Prince League#2#18th
Yamaguchi#Takagawa Gakuen High School#Chugoku Prince League#2#31st
Kagawa#Takamatsu Shogyo High School#Kagawa Football League#4#25th
Tokushima#Tokushima Municipal High School#Shikoku Prince League#2#22nd
Ehime#Nitta High School#Ehime Football League#4#4th
Kochi#Kochi High School#Shikoku Prince League#2#20th
Fukuoka#Higashi Fukuoka High School#Premier League West#1#24th